Hf,TVF,OH,SVF,TF,IP,phiedge
3716.91,912.344,-22.3171,-1.48404,-800.674,-18.4258,-0.0336305
3612.59,1130.06,18861.7,-1.66126,-843.706,57282.6,-0.0538502
3335.40,780.466,-29.9485,-1.59323,-1145.69,1.86194,-0.0347991
3247.57,980.778,17310.1,-1.43033,-1181.75,46733.6,-0.0532520
3336.63,776.733,-30.2572,-1.63978,-1144.97,11.4828,-0.0350747
3258.47,964.180,16131.1,-1.50373,-1178.68,41794.7,-0.0527482
3337.73,778.488,-31.5309,-1.68632,-1148.83,3.64404,-0.0349589
3240.24,996.913,18911.3,-1.52879,-1188.21,52442.0,-0.0524152
3334.21,776.533,-31.7272,-1.75077,-1143.16,7.41438,-0.0350074
3236.64,994.641,18996.1,-39.2365,-1182.79,55061.5,-0.0533909
3328.97,773.517,-32.4849,199.867,-1140.90,-1.90414,-0.0215416
3246.01,981.255,18195.4,127.788,-1176.18,48459.5,-0.0484214
3333.26,776.444,-31.2784,202.536,-1144.42,-11.0829,-0.0213892
3246.57,982.917,18091.0,128.737,-1179.82,48751.1,-0.0485156
3329.41,774.974,-30.4984,305.312,-1143.95,-8.37897,-0.0176690
3250.29,980.992,18386.1,232.415,-1178.18,45973.1,-0.0469290
3326.22,707.827,-33.0740,306.461,-1143.20,-4.54204,-0.0196154
3250.70,902.259,16546.5,237.523,-1174.62,41742.9,-0.0422693
3329.13,805.582,-30.4309,306.037,-1141.96,-16.5827,-0.0153693
3253.06,1007.80,17932.6,237.063,-1173.94,43471.5,-0.0475278
3327.77,740.200,-33.6689,306.642,-1137.73,-4.54684,-0.0180186
3248.33,937.892,17003.9,235.468,-1172.24,44076.4,-0.0444150
3330.91,737.763,-29.5446,412.352,-1127.86,-27.0773,-0.0150566
3268.40,952.375,21750.9,338.523,-1172.26,36250.7,-0.0441785
3326.08,770.679,-30.0607,254.164,-1131.49,-18.1219,-0.0192764
3230.37,997.163,21367.9,176.425,-1183.34,54962.1,-0.0501736
3329.75,800.419,-30.6499,253.025,-1134.48,-10.5743,-0.0177835
3229.03,1029.63,21373.8,175.182,-1188.07,59010.3,-0.0512937
3328.61,802.188,-29.9878,149.442,-1139.35,-10.2500,-0.0229834
3220.24,1033.10,21185.7,68.1869,-1186.87,63121.9,-0.0533641
3327.11,770.261,-31.4244,148.219,-1132.06,-7.17645,-0.0249961
3223.43,1003.87,21228.2,69.2216,-1184.54,62491.6,-0.0523464
3330.20,770.127,-32.9788,-1.06872,-1137.24,-4.63802,-0.0350814
3207.84,1008.29,21392.5,-31.1361,-1196.34,67146.3,-0.0547582
2245.54,566.991,-51.0305,-1.81342,-1886.30,13.6899,NaN
2133.36,789.777,18240.2,-1.74003,-1924.18,60272.4,NaN
2249.82,525.633,-51.2045,-1.71138,-1880.85,45.6523,-0.0270074
2153.75,741.336,18017.0,-1.59861,-1909.79,52595.8,-0.0358273
2255.08,603.234,-49.8521,-1.73287,-1881.88,23.9807,-0.0202112
2153.77,818.586,18270.8,-1.60398,-1916.63,57199.1,-0.0550327
2258.28,568.385,-50.8509,-1.73108,-1876.08,17.5523,-0.0232559
2143.75,798.695,19463.8,-39.6465,-1915.85,63195.7,-0.0560042
2252.53,564.046,-47.9835,-1.74719,-1868.27,19.9860,-0.0234772
2161.48,765.062,17359.3,-33.3702,-1902.06,51946.5,-0.0540948
2255.70,522.479,-50.8678,-1.52342,-1845.78,48.7910,-0.0273729
2177.28,711.106,16112.3,-37.7042,-1872.76,43343.1,-0.0388654
2251.16,524.720,-51.2157,107.429,-1834.81,31.3810,-0.0199391
2187.36,691.394,13836.4,66.8514,-1861.81,36110.0,-0.0413286
2175.16,522.982,-53.6959,-144.616,-1869.11,111.963,-0.0384136
2067.59,742.169,19182.9,-219.188,-1907.87,60409.5,-0.0503715
2179.40,525.067,-51.4850,-204.997,-1860.46,68.2624,-0.0366676
2082.81,719.053,17267.2,-272.391,-1885.85,57122.1,-0.0617781
2181.63,527.651,-51.4007,-307.541,-1877.99,15.5602,-0.0213024
2098.39,700.285,15774.1,-367.824,-1902.12,50069.5,-0.0692457
2179.54,486.119,-52.8206,-306.103,-1868.48,55.6966,-0.0398711
2075.40,685.687,17773.8,-375.579,-1897.16,59543.5,-0.0558324
2174.34,483.090,-51.5579,-408.872,-1851.69,15.7152,-0.0166242
2083.10,671.655,17096.5,-473.722,-1878.55,53941.8,-0.0714677
2179.75,443.692,-49.3472,-410.636,-1847.66,58.8167,-0.0428433
2068.96,652.210,17336.8,-482.750,-1887.70,61725.1,NaN
3336.49,772.831,-30.5995,-3.43530,-1122.23,19.8192,-0.0351982
3264.07,941.608,15349.7,-65.2600,-1158.34,41126.1,-0.0545987
3332.51,768.537,-32.3617,-186.818,-1108.29,-11.3510,-0.0459728
3236.80,972.056,18702.6,-254.157,-1156.98,57971.9,-0.0607214
3324.96,797.172,-31.1159,-185.225,-1110.13,5.37550,-0.0399869
3229.12,993.612,18230.1,-252.422,-1157.56,56905.5,-0.0620714
3321.82,793.933,-35.4478,-186.845,-1119.94,4.09176,-0.0406779
3226.69,989.634,18070.0,-254.413,-1161.18,55846.9,-0.0620352
3317.26,791.768,-31.4020,-206.499,-1109.51,6.34575,-0.0397044
3219.72,991.581,18514.4,-274.838,-1167.21,58032.4,-0.0627083
3315.12,729.843,-32.0473,-206.037,-1107.13,5.54117,-0.0502132
3235.11,917.681,17200.3,-270.098,-1155.22,46568.9,-0.0596565
3317.40,758.246,-31.7387,-308.250,-1115.79,0.407028,-0.0403620
3231.54,948.455,17541.5,-373.955,-1164.41,53494.0,-0.0650773
3315.01,728.119,-32.9732,-308.182,-1113.77,-0.718928,-0.0485308
3232.90,915.605,17141.2,-370.026,-1159.55,47940.7,-0.0637485
3312.34,696.169,-31.1046,-307.068,-1116.99,5.48955,-0.0563323
3231.81,879.945,16787.2,-371.685,-1158.79,46265.0,-0.0617771
3315.17,694.405,-32.0024,-409.962,-1114.46,13.0988,-0.0494164
3225.38,884.734,17333.0,-475.820,-1164.56,51215.2,-0.0661361
4419.64,979.642,-10.4547,-1.56817,-16.8666,21.1389,-0.0390796
4320.88,1189.66,18387.1,-39.8112,-43.5911,54049.4,-0.0474655
4421.77,960.318,-7.68839,-1.44644,-13.1856,11.7475,-0.0390125
4324.57,1161.80,16953.0,-44.7627,-43.5195,51743.6,-0.0463376
4428.66,958.099,-10.5501,138.690,-13.4226,12.3662,-0.0328039
4346.66,1145.23,15672.7,72.3597,-38.4072,43738.4,-0.0436478
4436.40,957.676,-9.78129,139.394,-12.9440,12.9526,-0.0328294
4371.38,1145.52,15593.1,74.0335,-39.3241,43847.0,-0.0436831
4431.25,963.979,-9.20336,205.221,-13.7536,16.5490,-0.0301628
4353.07,1146.87,15350.0,138.515,-38.3043,41961.8,-0.0424381
4428.70,982.511,-10.0283,204.283,-17.3139,17.1962,-0.0300341
4353.82,1192.76,20296.6,131.272,-34.5159,46814.2,-0.0445356
4429.88,1004.60,-9.55684,203.660,-15.4264,24.2590,-0.0297237
4336.55,1222.07,20511.7,126.768,-46.0555,56336.5,-0.0451315
4435.28,941.857,-8.28868,204.169,-15.0909,24.1950,-0.0304743
4348.33,1159.93,20319.4,129.711,-41.4263,52508.2,-0.0434053
4441.98,939.951,-9.74207,254.966,-15.1401,17.8275,-0.0286803
4357.12,1164.79,21623.4,180.417,-41.0416,53516.9,-0.0423473
4428.59,963.151,-10.3537,256.693,-12.2552,27.3736,-0.0282945
4332.52,1188.02,21416.5,175.680,-41.1087,59084.1,-0.0424658
4436.56,985.759,-11.2795,256.051,-12.6220,20.8799,-0.0280471
4346.53,1190.00,18029.3,185.250,-40.4467,49556.8,-0.0426295
4435.86,1005.89,-13.4511,254.851,-12.9709,26.5792,-0.0277760
4346.34,1200.76,16729.3,184.139,-41.4039,48932.5,-0.0429940
4438.80,964.501,-11.2626,408.384,-12.8143,18.2933,-0.0232034
4360.86,1148.94,15413.8,342.114,-37.9331,40925.6,-0.0390768
4434.54,986.115,-10.1684,409.261,-13.3063,27.8655,-0.0227082
4355.85,1171.23,15742.4,341.779,-37.9599,41609.7,-0.0394866
4435.42,1006.64,-10.3872,407.281,-12.9261,20.6176,-0.0221944
4353.55,1192.16,15845.0,339.787,-38.7695,42970.4,-0.0401137
4432.82,1004.76,-10.9485,307.809,-12.3089,24.5390,-0.0257651
4349.17,1195.21,16032.3,240.022,-38.4475,46029.0,-0.0418461
4429.07,961.111,-13.6700,306.051,-13.8296,22.9668,-0.0265541
4343.79,1148.59,15866.1,239.714,-37.0967,42870.0,-0.0405464
4429.23,983.874,-12.2671,307.034,-10.4393,25.4711,-0.0261772
4350.31,1168.90,15580.2,241.987,-40.0040,43180.3,-0.0411840
4430.73,983.291,-13.1930,153.473,-15.3682,21.6676,-0.0320428
4341.44,1175.91,16591.2,83.5285,-40.8538,47543.6,-0.0441753
4431.84,1003.58,-11.7565,152.481,-12.6712,18.5008,-0.0319134
4321.51,1196.70,16463.0,81.9442,-41.6589,49020.8,-0.0447427
4436.04,1012.18,-10.9150,-6.57164,-12.4476,26.7203,-0.0388789
4334.43,1237.18,22180.8,-93.5408,-41.2295,62244.2,-0.0498136
4450.07,1005.09,-13.5913,-6.53047,-13.1811,24.9231,-0.0391998
4317.27,1233.62,21680.5,-95.7462,-45.6396,69436.2,-0.0485417
4428.45,942.209,-14.9101,-6.44454,-12.8009,22.2951,-0.0391825
4314.45,1169.82,21220.4,-94.2515,-45.7872,67667.9,-0.0459735
4433.37,940.619,-12.8283,-154.633,-13.7715,11.3198,-0.0466034
4329.06,1151.87,18533.1,-227.430,-43.6760,58268.6,-0.0496342
4428.33,984.382,-15.2133,-153.692,-13.0469,10.5679,-0.0456854
4322.83,1190.69,18039.6,-227.868,-44.9463,57976.5,-0.0510292
4425.01,984.271,-16.2232,-252.660,-13.1990,19.8575,-0.0445367
4336.71,1201.57,22650.7,-328.899,-39.2525,56750.4,-0.0556103
4431.03,962.358,-17.3286,-254.681,-13.0380,14.2234,-0.0476687
4344.39,1147.89,16434.8,-321.074,-40.4960,49226.9,-0.0535141
4420.80,961.177,-14.7698,-407.376,-12.8009,32.6227,-0.0421219
4317.80,1165.67,18019.0,-481.422,-45.2281,59831.0,-0.0573256
4342.34,956.509,-14.9720,-7.23400,-23.9067,24.8739,-0.0387950
4242.35,1173.94,20824.0,-89.9587,-52.9704,59749.2,-0.0481652
4271.17,952.535,-16.9976,-7.62425,-417.027,-5.58100,-0.0407769
4180.67,1146.54,16803.0,-80.0645,-456.141,51452.2,-0.0526107
4256.67,949.769,-17.0088,-8.00735,-404.561,-19.0761,-0.0405849
4171.75,1143.10,16682.4,-79.0943,-446.520,50553.8,-0.0522513
4253.97,944.570,-18.3779,-204.500,-413.695,-7.07207,-0.0506931
4161.27,1140.50,17187.3,-272.980,-466.786,53465.2,-0.0576611
4246.17,943.702,-17.0649,-201.612,-415.327,-9.00579,-0.0504167
4154.59,1130.50,16687.8,-269.002,-466.128,47818.9,-0.0577296
4231.14,914.233,-20.9425,-204.797,-413.145,3.02190,-0.0512178
4149.97,1123.86,18413.4,-276.965,-470.230,55187.5,-0.0564159
4209.20,914.167,-12.6038,-201.956,-417.859,3.75557,-0.0508357
4094.10,1144.81,23101.6,-281.906,-502.456,68736.0,-0.0573322
4192.88,903.221,-13.4344,-410.530,-398.089,1.88737,-0.0459943
4054.49,1144.44,23539.6,-491.044,-492.146,80136.8,-0.0601916
4196.87,879.125,-13.1761,-408.615,-411.991,10.8027,-0.0508017
4091.60,1105.85,22806.2,-484.363,-479.184,62484.8,-0.0626368
4213.82,881.727,-16.4308,-410.568,-415.090,17.5344,-0.0510502
4111.81,1105.56,22835.1,-482.310,-494.803,59796.8,-0.0635449
4220.72,885.540,-14.8203,-408.026,-408.891,13.2291,-0.0506719
4112.13,1112.38,22543.8,-485.886,-490.715,65834.5,-0.0624364
4244.47,896.495,-15.5386,-1.75256,-418.364,6.09639,-0.0401753
4169.10,1093.11,18090.0,-26.8899,-473.486,40608.6,-0.0519106
4249.63,892.650,-18.4959,150.963,-396.698,-5.23595,-0.0329427
4162.50,1109.19,21003.7,80.3957,-461.687,48118.1,-0.0487340
4246.36,916.162,-17.5025,151.916,-414.003,15.1136,-0.0327716
4167.55,1131.73,21741.6,81.6434,-480.736,46111.1,-0.0499955
4238.36,917.178,-15.8921,206.136,-407.630,18.5580,-0.0303064
4144.23,1135.35,20955.7,130.946,-482.476,52899.3,-0.0484745
4244.94,962.910,-17.6878,204.530,-424.684,19.2942,-0.0301717
4146.73,1180.56,20695.3,131.547,-480.074,55476.1,-0.0498572
4241.85,964.082,-18.1702,309.173,-412.161,19.8949,-0.0249249
4149.39,1178.56,20220.8,235.047,-473.110,54105.6,-0.0476555
4272.80,977.134,-16.6721,309.907,-24.6178,39.0937,-0.0243063
4190.50,1189.47,20906.0,237.999,-50.0273,50969.9,-0.0420686
4183.93,969.067,-18.3781,309.614,-401.650,24.5520,-0.0237782
4100.94,1171.20,19443.6,239.420,-463.552,49331.5,-0.0473740
4046.04,937.852,-18.6865,413.908,-389.068,11.0504,-0.0185305
3949.15,1162.84,21754.3,331.907,-446.846,56255.3,-0.0441032
4054.14,957.440,-22.2106,411.697,-387.377,11.7363,-0.0177988
3987.98,1142.72,17950.6,349.144,-438.675,40231.3,-0.0433476
3890.52,934.084,-26.1048,411.950,-361.020,-1.60620,-0.0158254
3843.05,1051.39,9419.82,366.197,-385.651,24169.0,-0.0378580
3657.65,889.469,-23.2657,-1.19403,-805.393,16.1491,-0.0335692
3572.69,1081.83,16523.0,-40.9587,-836.921,44592.5,-0.0537535
3653.11,886.565,-22.9232,-1.64694,-794.314,19.1391,-0.0338199
3549.57,1097.48,18380.5,-35.3412,-835.552,56864.1,-0.0543133
3650.68,884.061,-24.1970,-2.16429,-798.581,13.6868,-0.0340496
3541.73,1101.33,18751.8,-33.5492,-841.586,62158.1,-0.0545236
3643.84,908.331,-24.4046,-1.22088,-790.865,25.8239,-0.0319384
3535.65,1119.00,18919.8,-30.6850,-837.672,61289.7,-0.0552197
3634.94,904.045,-25.4316,-1.18150,-785.552,17.8524,-0.0317851
3522.94,1113.11,18799.7,-30.5006,-846.009,60446.8,-0.0552923
3634.64,825.780,-26.6210,-1.50015,-794.327,10.2553,-0.0367583
3527.29,1035.04,18862.1,-28.4258,-850.455,55097.7,-0.0528467
3631.06,823.268,-24.1577,149.440,-790.467,1.75551,-0.0275043
3549.02,1018.54,18748.3,84.7547,-840.007,44040.8,-0.0499519
3631.31,851.025,-25.8917,148.805,-789.998,33.8150,-0.0267196
3536.47,1050.96,17798.4,78.5017,-838.504,54706.1,-0.0506200
3641.89,879.803,-24.6009,151.282,-790.816,25.0903,-0.0252834
3545.13,1083.79,18417.2,77.2719,-843.947,57444.8,-0.0517568
3649.38,905.155,-24.9489,147.985,-793.862,16.0878,-0.0257006
3541.35,1111.89,18804.5,73.9082,-851.605,59758.1,-0.0528457
3663.76,888.579,-23.8772,202.618,-786.164,14.8340,-0.0235757
3555.33,1096.84,18699.7,129.739,-842.937,60528.0,-0.0509059
3666.58,887.331,-25.4932,203.164,-783.910,16.8323,-0.0235506
3587.66,1086.14,18888.8,131.510,-833.468,42424.2,-0.0492852
3662.94,908.090,-25.7290,201.154,-783.190,15.5220,-0.0215822
3579.07,1109.79,19104.7,133.434,-833.437,44050.5,-0.0500561
3660.72,859.507,-25.3473,201.811,-779.657,23.7113,-0.0240102
3562.65,1073.69,20332.3,128.207,-838.379,54528.6,-0.0495893
3660.66,859.044,-26.4022,253.358,-781.736,23.5222,-0.0213386
3564.91,1070.85,19709.4,184.235,-837.534,54050.4,-0.0484105
3658.83,884.632,-29.3089,254.576,-780.918,12.0158,-0.0197601
3554.58,1098.18,19360.6,182.262,-837.493,57485.5,-0.0492689
3661.22,907.649,-28.0070,252.515,-780.654,9.96407,-0.0187303
3553.40,1120.85,19328.0,179.457,-838.965,58775.1,-0.0497909
3660.59,908.794,-26.8847,304.029,-779.769,-1.69371,-0.0164226
3560.17,1118.64,19095.6,232.390,-834.452,55994.4,-0.0488611
3659.95,884.587,-27.6703,305.769,-776.750,-2.14033,-0.0173581
3565.52,1091.33,19418.6,233.617,-832.819,53094.3,-0.0469776
3659.84,857.324,-25.7794,304.061,-777.921,8.89091,-0.0187466
3568.37,1063.32,19517.0,234.270,-833.280,51261.3,-0.0471536
3741.56,859.173,-26.3798,357.900,-49.9289,11.2394,-0.0180648
3660.73,1048.99,17350.3,290.461,-73.1333,42846.9,-0.0354480
3654.73,884.066,-25.6503,357.595,-784.317,-6.83131,-0.0150943
3594.47,1041.00,13793.0,305.763,-818.095,32651.5,-0.0439851
3659.45,884.863,-26.3572,358.499,-781.974,-6.83184,-0.0152662
3570.92,1087.31,19542.8,289.396,-834.814,48452.5,-0.0467197
3658.08,885.037,-27.7826,358.736,-783.539,-9.69897,-0.0155712
3581.17,1079.85,18768.3,294.582,-834.474,43117.5,-0.0466506
3659.72,857.725,-28.4279,358.043,-774.956,-7.16755,-0.0169608
3569.73,1063.02,19475.4,290.935,-828.548,50156.5,-0.0463832
3659.91,908.839,-26.4472,359.162,-780.824,-3.29824,NaN
3576.02,1102.95,18896.7,291.605,-832.171,45745.9,-0.0617693
3655.81,858.215,-25.4820,408.917,-777.022,0.222093,-0.0146892
3585.55,1041.60,16825.2,347.366,-818.896,37254.3,-0.0433241
3656.99,829.696,-27.9117,409.295,-773.963,-0.187075,-0.0159011
3587.50,1009.05,16266.1,348.714,-813.488,36660.9,-0.0424644
3664.67,807.190,-26.2394,410.390,-790.284,8.79479,-0.0166244
3563.15,1020.13,18302.2,333.815,-839.743,53481.2,-0.0427213
3671.98,836.204,-25.6166,357.627,-775.041,7.09513,-0.0179960
3567.94,1055.25,18984.3,282.733,-828.092,57109.9,-0.0455399
3679.16,867.401,-26.0824,-3.13814,-776.790,19.6240,-0.0359477
3593.09,1057.79,18010.3,-74.3629,-829.411,49838.3,-0.0551646
3680.54,865.343,-26.8961,-155.824,-776.244,-0.758549,-0.0436244
3555.00,1096.02,21830.9,-236.819,-843.836,71754.0,-0.0589636
3677.86,864.946,-28.9554,-156.275,-777.975,8.37533,-0.0436809
3546.11,1100.26,21103.9,-240.754,-845.200,74865.0,-0.0585719
3675.19,837.763,-27.8947,-155.749,-780.341,5.33580,-0.0455587
3547.71,1070.09,21204.8,-239.214,-846.090,70636.5,-0.0576466
3756.02,811.222,-26.5650,-156.108,-47.7596,37.6661,-0.0405865
3646.51,1029.54,19719.0,-235.604,-78.6124,60674.8,-0.0436191
3673.75,809.877,-26.3967,-209.281,-782.354,1.53555,-0.0497098
3547.04,1047.40,22072.9,-290.579,-850.572,70457.6,-0.0580737
3671.04,837.955,-29.6454,-205.937,-778.852,6.21061,-0.0469809
3539.48,1070.67,21261.9,-290.490,-847.767,72784.7,-0.0588421
3677.35,840.271,-26.3966,-259.515,-782.376,13.6069,-0.0448942
3544.99,1072.31,20889.0,-341.086,-848.957,73540.1,-0.0605421
3675.31,811.476,-25.6334,-258.861,-782.707,6.30519,-0.0501208
3548.21,1046.36,21629.7,-339.062,-850.621,71314.0,-0.0594835
3754.42,811.369,-25.0892,-309.438,-48.2651,33.8076,-0.0408039
3636.87,1034.54,20232.9,-387.663,-81.3139,66083.3,-0.0470546
3675.60,809.030,-26.4921,-309.716,-782.864,7.97655,-0.0484558
3548.78,1044.90,21865.7,-388.341,-850.970,72480.4,-0.0607997
3672.91,838.057,-28.6131,-311.809,-781.285,23.8647,-0.0423592
3540.28,1074.06,21379.5,-390.781,-850.223,75718.9,-0.0618310
3692.03,870.715,-25.6557,-309.542,-776.745,9.39509,-0.0359785
3554.59,1107.33,21404.9,-393.481,-845.544,78429.1,-0.0629127
3680.77,868.697,-27.7152,-363.293,-778.333,-1.04909,-0.0309226
3541.32,1106.03,21404.7,-444.532,-848.845,78615.8,-0.0644940
3678.97,839.719,-27.7266,-363.596,-780.918,19.8837,-0.0377505
3543.31,1075.62,21239.7,-445.259,-848.845,76992.7,-0.0634140
3681.98,840.610,-28.4335,-413.512,-781.231,3.88538,-0.0323670
3545.06,1078.30,21810.0,-496.882,-849.556,78305.0,-0.0650275
3675.08,839.429,-26.8568,-413.602,-780.457,5.63343,-0.0323270
3536.70,1074.80,21383.9,-499.091,-850.809,78187.8,-0.0650642
3677.35,809.756,-26.0095,-412.990,-780.547,93.0771,-0.0407468
3539.23,1046.30,21384.8,-497.741,-850.174,77210.4,-0.0636772
3607.71,871.829,-13.1369,-2.11775,-802.906,34.0949,-0.0339728
3513.53,1080.70,18192.8,-1.68095,-844.167,49332.6,-0.0509737
3651.39,882.667,-15.7630,-1.67021,-797.928,22.4444,-0.0342459
3558.85,1098.45,18304.0,-1.82774,-841.555,56654.4,-0.0518464
3648.52,886.062,-13.5297,-1.56638,-794.864,23.2649,-0.0340214
3559.71,1105.71,18784.5,-1.82058,-840.571,57593.2,-0.0528170
3678.43,889.438,-15.9988,-1.69706,-793.710,16.9568,-0.0344139
3588.23,1082.26,16407.1,-1.75972,-835.114,48321.0,-0.0528386
3684.67,893.002,-17.3230,-1.81700,-791.688,11.7015,-0.0343873
3613.45,1054.52,13668.8,-1.71496,-825.533,36548.3,-0.0521161
3688.54,868.171,-15.9818,-1.80984,-786.607,6.12503,-0.0360059
3613.82,1028.96,13086.0,-1.73287,-820.452,37449.9,-0.0515826
3690.13,864.777,-15.9650,-1.60040,-794.891,13.6846,-0.0361979
3604.98,1055.49,16200.6,-1.73466,-832.748,44238.1,-0.0518730
3686.92,839.233,-17.1434,-1.56459,-792.404,18.0631,-0.0371335
3602.84,1027.18,15893.8,-1.91367,-830.543,43357.7,-0.0509451
3692.14,838.757,-18.1648,-1.50373,-794.882,10.3975,-0.0372468
3607.57,1028.10,16044.5,-1.67021,-833.115,43556.7,-0.0509811
3698.54,841.813,-16.7788,-1.60040,-787.269,9.39430,-0.0372068
3629.35,1002.89,12882.2,-1.85639,-819.406,36109.0,-0.0507095
3702.35,841.251,-16.5262,-160.702,-789.515,10.2736,-0.0461410
3633.71,1003.41,13897.7,-216.698,-821.128,38017.9,-0.0574574
3707.41,842.668,-19.7304,-158.675,-786.728,3.28630,-0.0460519
3620.51,1033.50,16677.9,-228.164,-825.775,48790.7,-0.0576192
3700.85,869.049,-15.6788,-160.029,-787.421,5.77409,-0.0442101
3631.40,1051.61,16767.6,-223.810,-820.748,40152.1,-0.0584674
3695.53,882.235,-17.0930,-160.018,-778.476,4.99614,-0.0416443
3607.73,1073.29,16962.8,-229.211,-817.049,50275.8,-0.0589636
3701.10,881.972,-18.8437,-159.130,-788.025,17.0464,-0.0422631
3613.86,1069.46,16844.0,-225.190,-824.818,45654.4,-0.0589725
3697.88,881.095,-15.8134,-159.610,-785.529,3.62345,-0.0421230
3609.95,1073.36,17166.2,-229.766,-825.386,51213.9,-0.0591036
3694.39,879.731,-18.2994,-160.611,-786.800,9.83377,-0.0422761
3622.02,1044.22,14224.8,-220.026,-821.020,42119.8,-0.0589783
3705.19,881.135,-19.3825,-262.624,-786.066,6.21841,-0.0374391
3623.80,1051.51,14956.2,-324.545,-822.429,46321.6,-0.0629224
3701.92,883.170,-17.4465,-261.604,-787.314,7.31283,-0.0369612
3606.26,1080.03,18040.9,-335.861,-828.396,55490.1,-0.0628651
3708.18,831.295,-16.2008,-260.906,-783.843,7.80692,-0.0478782
3616.09,1027.85,17420.2,-332.608,-823.981,53951.8,-0.0604935
3706.24,801.074,-18.2937,-260.265,-789.845,2.06870,-0.0533696
3631.90,966.434,14097.1,-319.644,-822.394,40474.0,-0.0597450
3708.98,800.188,-18.8101,-313.874,-785.350,-0.596843,-0.0514292
3640.27,965.681,14791.2,-374.034,-816.105,39527.0,-0.0620247
3704.56,799.960,-18.4902,-313.887,-786.876,6.20560,-0.0513563
3620.60,996.085,17871.4,-383.860,-822.921,49800.2,-0.0614636
3707.38,766.309,-19.2646,-314.544,-787.202,1.41112,-0.0574376
3611.83,960.567,16878.6,-380.815,-836.617,50027.5,-0.0600167
3688.72,764.033,-18.2041,-420.401,-784.192,17.9148,-0.0520759
3616.53,937.162,14805.6,-479.229,-827.242,43992.9,-0.0646863
3708.02,764.781,-18.2882,-421.058,-778.163,16.5845,-0.0528855
3625.71,965.605,17364.4,-489.844,-829.984,55301.4,-0.0631164
3700.89,800.290,-16.6777,-421.368,-779.903,26.7364,-0.0436392
3585.16,1006.66,17949.1,-491.520,-835.109,60936.6,-0.0647532
3710.34,803.631,-17.9683,-419.712,-781.821,32.1031,-0.0436765
3597.07,984.832,15888.5,-483.242,-834.148,51586.2,-0.0660371
3714.19,832.471,-15.7405,-420.211,-778.735,12.6752,-0.0360257
3621.42,1014.02,15885.6,-484.834,-830.520,53540.3,-0.0672887
3736.09,846.218,-16.5486,148.298,-790.033,26.8966,-0.0287651
3662.93,1008.62,13326.6,93.7449,-826.061,38775.0,-0.0486167
3730.57,839.866,-19.4105,150.989,-778.852,25.6214,-0.0291520
3645.83,1025.43,15954.0,83.2546,-824.048,44306.9,-0.0486650
3729.59,868.038,-16.9415,150.629,-789.139,25.0306,-0.0275463
3642.71,1056.38,16220.7,84.7082,-835.244,45362.6,-0.0498538
3727.89,866.327,-17.3342,147.865,-782.613,29.8389,-0.0279280
3654.98,1029.49,13418.7,91.7757,-819.173,39113.0,-0.0491747
3725.97,892.855,-16.0997,149.863,-786.536,35.9632,-0.0266514
3653.18,1054.11,13571.7,92.8319,-824.782,38640.8,-0.0498465
3729.44,891.884,-17.3679,254.742,-781.728,12.8826,-0.0219539
3656.78,1049.49,13004.7,198.956,-817.858,37423.1,-0.0470587
3721.67,888.543,-18.7035,255.945,-785.637,7.02749,-0.0206564
3636.42,1072.88,15941.8,189.402,-829.527,44620.0,-0.0478112
3742.90,909.262,-17.2838,253.127,-780.296,3.28136,-0.0203025
3663.14,1098.44,16718.9,188.566,-826.839,44791.3,-0.0486716
3740.01,909.142,-14.7137,253.586,-787.417,10.7337,-0.0203634
3665.69,1068.62,13226.6,200.647,-824.880,38327.3,-0.0477885
3730.30,930.101,-16.1894,255.825,-787.028,-4.58257,-0.0186038
3658.72,1088.39,13323.0,196.270,-821.629,38463.2,-0.0482225
3733.15,929.527,-16.3017,305.189,-784.742,-8.50871,-0.0161280
3664.25,1088.06,13096.0,253.414,-819.030,36021.4,-0.0465496
3743.45,937.211,-21.1108,308.080,-775.238,-0.535171,NaN
3668.13,1114.52,15799.0,243.006,-820.157,39404.8,NaN
3742.54,941.652,-20.0502,307.278,-783.065,-2.09411,-0.0156513
3656.81,1132.08,16773.1,239.232,-833.061,47807.3,-0.0488107
3754.17,961.739,-21.5484,305.507,-781.083,0.865439,-0.0150157
3669.52,1150.03,16598.9,241.812,-830.176,44912.9,-0.0488504
3738.75,960.937,-21.2734,306.093,-786.339,0.438126,-0.0168266
3673.69,1117.36,13321.7,253.301,-821.655,35447.1,-0.0470343
3725.68,956.429,-19.9885,305.593,-778.615,-3.82347,-0.0145748
3656.51,1112.81,13270.0,254.597,-815.483,34771.7,-0.0466448
4222.00,927.963,-7.82297,-1.75256,-410.864,-6.15556,-0.0400266
4134.98,1132.98,17496.2,-1.45002,-454.490,48137.1,-0.0500708
4221.04,927.183,-8.97339,-1.59502,-406.574,-3.32345,-0.0399653
4137.73,1122.31,16907.2,-1.60398,-448.305,47792.1,-0.0504785
4218.50,924.595,-9.04625,-1.63083,-417.219,11.9659,-0.0400363
4151.22,1089.43,13738.6,-1.48225,-450.595,37452.8,-0.0502204
4215.39,923.971,-11.9417,-1.61651,-420.256,5.16983,-0.0400182
4157.55,1076.44,12866.6,-1.56280,-450.720,30838.9,-0.0496461
4216.40,924.074,-9.14725,153.319,-415.081,13.8889,-0.0322614
4169.44,1064.30,11594.8,105.995,-440.214,27418.7,-0.0461422
4218.42,925.459,-9.19781,208.443,-416.003,23.0172,-0.0298340
4177.19,1058.31,11455.3,161.176,-438.979,23306.4,-0.0439186
4217.99,926.199,-10.0395,311.314,-414.129,28.2222,-0.0256282
4169.70,1089.33,14675.4,255.165,-441.345,28741.9,-0.0431552
4215.53,924.199,-10.1012,417.694,-413.319,34.0250,-0.0216016
4170.47,1078.56,13658.4,361.709,-438.335,25972.1,-0.0400886
4230.27,932.431,-10.8139,-414.391,-415.444,22.1237,-0.0428920
4167.33,1121.49,19091.2,-480.856,-450.662,43042.9,-0.0640614
4234.62,905.836,-8.42339,-415.070,-410.998,14.4958,-0.0477902
4174.23,1072.34,15374.9,-472.684,-445.017,39822.3,-0.0657551
4250.00,860.585,-13.0023,-415.569,-413.547,18.0200,-0.0561022
4218.56,1009.48,13813.1,-465.294,-435.258,19282.7,-0.0647091
4253.28,860.692,-9.86545,-311.551,-411.995,6.83568,-0.0585572
4215.33,1015.18,14225.9,-363.010,-436.143,22173.6,-0.0592062
4251.39,861.627,-11.8294,-205.912,-413.493,2.30820,-0.0516426
4216.12,1002.39,12595.4,-256.269,-435.101,19598.0,-0.0540581
4256.15,863.231,-10.2584,-154.751,-411.785,4.08672,-0.0482665
4222.36,991.973,11078.3,-200.214,-432.113,17564.9,-0.0517134
4442.33,987.456,-7.11047,-154.563,-12.8635,28.7368,-0.0458355
4372.09,1189.46,19283.9,-229.492,-13.0111,48591.4,-0.0523147
4444.70,985.117,-7.14973,-155.111,-13.3287,30.4663,-0.0459643
4386.64,1173.01,18505.5,-222.740,-13.0872,41090.5,-0.0526034
4429.06,980.248,-10.8363,-155.129,-13.1185,32.2580,-0.0458653
4381.88,1162.40,18445.9,-218.647,-12.8099,34865.7,-0.0523892
4431.98,958.879,-8.63117,-207.169,-12.7249,27.1940,-0.0487354
4375.19,1143.67,17944.0,-272.056,-12.9306,39916.3,-0.0531742
4438.59,937.073,-7.86785,-206.940,-12.8769,29.0944,-0.0490093
4395.81,1086.00,13663.4,-258.680,-12.9127,27505.6,-0.0522964
4439.45,938.178,-6.86920,-311.583,-13.3824,31.1614,-0.0493222
4356.96,1157.09,21043.6,-386.053,-12.9664,56756.7,-0.0547918
4435.79,937.941,-10.5725,-415.175,-13.1274,40.4913,-0.0456856
4345.75,1160.01,21187.3,-491.395,-12.3089,62137.4,-0.0573202
4441.39,939.469,-9.62434,-414.943,-13.2974,40.9754,-0.0456605
4388.58,1129.22,19461.0,-478.285,-12.7607,38438.1,-0.0578119
4433.99,914.746,-9.77005,-415.678,-13.1274,36.4591,-0.0487984
4376.40,1103.07,18416.4,-478.348,-12.7293,39296.3,-0.0592314
4439.57,890.142,-9.96093,-414.731,-12.8948,34.1888,-0.0521726
4379.35,1086.74,19464.4,-483.520,-13.1274,41416.2,-0.0580318
4441.48,892.467,-9.07426,-413.482,-13.0737,40.3030,-0.0520341
4384.53,1087.22,19589.5,-482.707,-12.8948,39658.7,-0.0583749
4438.15,891.674,-11.9081,-413.495,-13.1900,38.2560,-0.0520208
4396.56,1088.00,21179.7,-479.249,-12.9888,30989.6,-0.0588654
4458.50,941.804,-8.38414,154.291,-13.2795,29.8650,-0.0324359
4403.55,1125.45,16843.6,88.9580,-12.9127,35314.5,-0.0432190
4451.09,942.984,-10.8588,154.041,-13.3555,40.4790,-0.0324028
4400.11,1112.46,15177.8,94.1584,-12.8501,32219.2,-0.0428364
4444.56,940.855,-10.5837,152.709,-13.3689,37.4155,-0.0323952
4400.61,1071.21,10319.5,106.151,-12.8859,26476.1,-0.0418771
4441.18,940.187,-9.59613,155.680,-13.2482,34.3246,-0.0322332
4403.30,1050.21,8646.12,112.711,-12.8188,19799.1,-0.0406321
4443.24,942.681,-9.35486,207.845,-13.4450,32.7112,-0.0303962
4401.73,1125.35,17562.7,145.817,-12.5325,26554.8,-0.0411780
4444.90,942.338,-8.65351,207.847,-13.1006,33.3976,-0.0304103
4401.34,1105.07,14535.8,152.161,-12.8367,26904.2,-0.0410663
4440.03,946.405,-10.0788,206.095,-12.7920,35.2726,-0.0303996
4394.23,1077.91,10494.6,159.458,-12.9977,25392.5,-0.0406973
4454.86,944.855,-11.3526,311.889,-13.2258,37.5324,-0.0268930
4411.52,1119.32,15986.6,249.212,-13.2035,27966.5,-0.0392735
4446.61,985.701,-10.7074,310.632,-13.0424,50.5385,-0.0262572
4401.46,1149.38,14929.3,253.792,-13.1274,27685.3,-0.0399649
4447.09,985.910,-11.4984,311.852,-12.9351,45.9827,-0.0262856
4400.86,1110.18,9879.96,263.985,-13.1453,24538.7,-0.0393153
4440.02,984.623,-13.0080,312.249,-13.1140,41.8560,-0.0261924
4407.04,1090.26,8394.89,271.392,-13.3332,17567.5,-0.0374037
4444.97,984.609,-9.98891,418.928,-12.8725,35.0712,-0.0226142
4399.11,1157.96,16074.6,354.305,-12.6801,27950.6,-0.0380678
4443.01,983.696,-11.5266,415.696,-13.1453,38.7438,-0.0227389
4398.79,1142.92,13970.2,361.075,-12.9888,27231.4,-0.0378798
4437.29,982.315,-11.0832,413.079,-13.1229,39.8380,-0.0228076
4403.05,1118.82,11898.6,367.540,-13.1140,18305.1,-0.0354839
3691.57,880.863,-51.3392,-1.88861,-810.787,25.2726,-0.0354632
3611.83,1090.02,18815.2,-1.80626,-849.436,43777.9,-0.0525524
3689.02,872.809,-46.8443,-1.77404,-804.498,17.9727,-0.0358114
3620.17,1061.74,17125.1,-1.79373,-839.050,37330.1,-0.0519912
3685.99,841.902,-46.5582,-1.82774,-801.524,21.5902,-0.0371079
3604.75,1035.71,16931.5,-1.71138,-839.519,43634.3,-0.0515635
3690.71,841.541,-43.6908,-2.05688,-807.325,17.7981,-0.0372149
3622.98,1005.38,13853.7,-1.76330,-839.206,34484.2,-0.0510287
3686.17,841.977,-45.5761,-1.87250,-808.448,18.3856,-0.0371490
3623.66,999.622,13495.4,-1.84386,-838.799,31599.9,-0.0506694
3695.04,846.383,-44.7906,152.104,-802.781,26.2042,-0.0282756
3610.29,1057.06,19281.0,75.9973,-842.346,50010.6,-0.0499565
3685.40,842.949,-43.0736,152.845,-809.271,23.0293,-0.0291525
3619.99,1030.87,17424.4,86.1654,-843.402,39437.1,-0.0492161
3692.99,842.601,-45.0487,151.551,-802.812,23.0028,-0.0280173
3628.24,1027.87,17059.1,88.0933,-835.047,38307.1,-0.0489494
3691.60,839.095,-41.5473,151.576,-799.833,19.1886,-0.0280885
3636.87,987.304,12867.2,96.6592,-826.262,29105.3,-0.0472108
3683.44,838.240,-40.8964,203.281,-800.611,36.1494,-0.0253203
3630.59,984.511,12704.2,151.740,-826.133,27629.6,-0.0453731
3689.29,837.665,-41.4686,202.033,-798.934,27.7616,-0.0254360
3629.01,964.492,9535.25,153.837,-823.628,27958.1,-0.0452376
3686.61,836.422,-42.5796,202.804,-800.853,32.1452,-0.0254763
3614.80,1038.25,19101.6,132.919,-835.552,41507.2,-0.0478805
3685.60,839.082,-42.0915,204.203,-796.832,26.9414,-0.0252153
3619.15,1021.81,16793.5,139.091,-829.805,37875.6,-0.0473895
3683.82,866.046,-40.4812,308.525,-799.310,13.0557,-0.0187445
3610.52,1069.16,18892.6,237.127,-834.210,43773.5,-0.0465531
3680.05,865.066,-41.3677,308.257,-798.075,14.6169,-0.0187586
3622.79,1046.13,17150.8,244.780,-828.807,33632.6,-0.0451135
3685.54,868.180,-41.2442,309.397,-795.611,12.1537,-0.0189651
3638.72,1009.04,12370.5,258.992,-819.974,24599.5,-0.0425365
3778.96,869.089,-40.0827,420.607,-49.5085,16.1943,-0.0162057
3733.67,982.774,8890.49,376.829,-64.9393,20706.4,-0.0312321
3689.38,863.734,-39.6899,419.434,-780.846,-5.10280,-0.0146749
3624.89,1067.38,19296.6,349.430,-811.802,37610.0,-0.0433813
3685.97,868.826,-39.8696,419.069,-794.663,-8.54282,-0.0143792
3633.41,979.736,8148.56,374.600,-816.002,22932.8,-0.0393844
3703.06,876.114,-40.5932,-158.443,-798.053,20.2503,-0.0435716
3584.18,1109.65,23281.9,-238.885,-866.289,67841.6,-0.0602358
3700.98,872.804,-38.3487,-157.834,-796.174,17.4165,-0.0438367
3631.90,1066.34,19343.3,-220.303,-846.394,40630.2,-0.0599035
3702.92,873.575,-39.5102,-156.334,-795.821,11.7551,-0.0435975
3620.60,1070.01,19571.8,-225.416,-849.109,47368.4,-0.0597404
3695.13,842.712,-40.3071,-157.043,-795.705,15.5794,-0.0458400
3641.36,1005.35,16006.7,-211.367,-835.150,30496.1,-0.0580926
3691.76,812.527,-42.6134,-207.156,-794.502,9.52174,-0.0501049
3624.73,978.417,15171.1,-263.274,-836.331,36795.3,-0.0591178
3694.88,780.542,-40.1556,-209.093,-794.376,4.49387,-0.0513587
3640.56,925.713,12733.7,-257.966,-825.855,28762.5,-0.0572361
3708.09,753.560,-39.4878,-208.445,-787.533,-0.238619,-0.0512073
3667.13,867.966,9470.85,-247.177,-807.978,19630.1,-0.0545071
3699.61,753.876,-39.3421,-310.441,-792.985,4.78746,-0.0588772
3629.26,944.592,18914.1,-374.086,-841.787,38574.8,-0.0612617
3702.62,720.310,-40.3295,-310.810,-787.734,-0.181820,-0.0582905
3656.24,860.598,12316.4,-358.714,-815.228,23705.0,-0.0582923
3696.74,717.949,-37.1647,-310.051,-790.006,-3.62732,-0.0581939
3654.64,870.047,14039.4,-362.167,-817.974,21419.7,-0.0583261
3700.69,684.894,-40.2063,-416.765,-781.951,4.84935,-0.0659836
3610.53,907.591,21219.7,-488.572,-837.511,50684.5,-0.0609116
3698.86,685.513,-40.7000,-414.522,-781.951,2.23427,-0.0659098
3628.17,855.070,14383.9,-473.389,-816.901,37984.0,-0.0617259
3694.97,685.389,-40.7562,-414.445,-787.828,2.54981,-0.0659642
3640.97,840.659,14031.5,-468.534,-820.171,29553.0,-0.0615735
3702.64,684.930,-39.7068,-415.093,-789.577,-2.17928,-0.0659886
3657.83,826.381,12399.8,-462.860,-814.732,22986.3,-0.0620077
3693.17,684.792,-40.4362,-413.715,-789.224,0.100258,-0.0659784
3654.07,805.119,10214.2,-457.955,-809.919,18124.0,-0.0611714
3093.41,737.786,-4.42253,-9.84404,-1368.47,26.6913,-0.0312331
3010.12,933.505,17092.4,-10.3686,-1409.72,43539.7,-0.0582834
3103.46,741.006,-3.67619,-8.90421,-1367.04,31.6177,-0.0314613
2997.73,959.039,18889.6,-9.52003,-1405.43,59566.5,-0.0542592
3119.70,745.586,-2.26768,-8.41013,-1352.17,26.8593,-0.0312456
2965.31,950.281,18154.6,-8.73236,-1389.22,57385.1,-0.0554798
3149.38,761.208,-3.99071,-6.69159,-1365.12,16.9575,-0.0313268
3069.61,942.512,16339.0,-7.17135,-1396.78,48492.3,-0.0566986
3148.86,756.188,-2.77277,-6.34609,-1352.33,24.8533,-0.0324957
3091.89,893.675,11641.4,-6.89745,-1375.86,33671.4,-0.0546909
3153.06,753.916,-3.87827,-154.943,-1353.30,18.7268,-0.0400403
3045.80,987.928,22845.2,-234.512,-1391.82,71518.0,-0.0632742
3284.16,755.471,-4.00742,-154.807,-39.7848,15.1512,-0.0315077
3184.84,944.588,17245.9,-220.278,-66.5987,55025.0,-0.0406444
3157.02,751.867,-1.07253,-152.558,-1355.04,20.8448,-0.0407981
3051.90,966.323,20608.9,-226.417,-1392.92,69394.0,-0.0629732
3165.43,751.894,-6.72326,-153.314,-1353.97,14.9508,-0.0419429
3082.45,934.640,17445.9,-214.807,-1385.91,54319.3,-0.0634274
3163.17,751.110,-2.84577,-152.091,-1348.25,7.73896,-0.0419484
3098.67,909.796,14931.9,-207.083,-1373.67,42438.5,-0.0619390
3158.82,758.233,-0.163592,-200.855,-1365.72,-4.17401,-0.0393156
3046.71,992.628,22390.7,-281.471,-1406.98,74070.3,-0.0639322
3180.48,758.406,-4.33276,-200.522,-1362.55,-3.03165,-0.0409162
3103.55,935.785,16615.1,-253.496,-1392.19,50010.4,-0.0638295
3172.01,755.052,-5.96566,-200.576,-1355.40,-1.14603,-0.0409721
3109.18,908.941,14090.3,-252.623,-1380.59,39949.0,-0.0631893
3170.42,753.582,-5.66822,-249.366,-1350.62,-0.612281,-0.0358331
3042.42,988.801,21567.6,-330.106,-1394.31,80028.6,-0.0658481
3171.58,753.921,-2.07709,-247.773,-1345.07,-10.5291,-0.0365626
3078.58,940.565,18264.6,-312.054,-1391.68,59144.9,-0.0672031
3168.32,753.417,-4.28799,-248.437,-1346.51,-10.1211,-0.0365786
3042.40,987.394,21950.5,-328.682,-1404.73,79367.6,-0.0650464
3168.93,752.994,-3.43507,-248.392,-1332.74,-10.1272,-0.0366472
3089.10,922.613,16472.2,-307.254,-1373.56,51190.3,-0.0674696
3287.33,752.063,-5.01742,-297.505,-39.4672,42.0723,-0.0275430
3211.47,904.549,14231.2,-350.127,-60.3682,42032.6,-0.0435411
3165.65,749.506,-2.92998,-296.667,-1331.02,-7.86786,-0.0321514
3080.54,928.778,18179.4,-357.803,-1375.85,54959.5,-0.0692591
3167.07,751.239,-1.95351,-297.346,-1332.37,1.56285,-0.0303039
3028.57,988.503,21565.0,-378.971,-1392.89,83359.7,-0.0671965
3161.48,749.684,-3.48542,-346.051,-1332.31,-13.8045,-0.0231396
3028.64,987.095,22484.8,-427.596,-1392.41,81670.5,-0.0693066
3162.94,750.767,-4.49560,-346.457,-1330.78,-25.4223,-0.0243759
3073.80,936.805,18903.6,-407.021,-1378.01,58304.1,-0.0714515
3156.59,749.145,-5.61207,-346.804,-1327.76,-11.1268,-0.0246423
3075.92,919.191,16875.1,-403.853,-1371.70,52093.5,-0.0714601
3163.12,750.094,-6.50423,-394.166,-1327.64,-16.1057,-0.0176660
3095.28,915.989,16637.8,-451.680,-1348.32,49385.3,-0.0681511
3160.32,684.645,-6.95893,-394.784,-1326.88,5.73765,-0.0395352
3079.38,856.509,16824.7,-451.938,-1370.48,52179.6,-0.0700238
3163.53,685.589,-7.61532,-394.863,-1326.15,21.3836,-0.0378788
3028.16,922.956,21882.4,-465.837,-1387.23,81398.8,-0.0659742
3159.78,684.596,-4.64695,-395.088,-1325.32,3.82307,-0.0392411
3088.86,842.485,14724.6,-448.975,-1362.80,44778.8,-0.0706565
3164.86,685.277,-5.24169,-395.672,-1327.63,10.6694,-0.0399654
3093.87,840.218,14659.3,-446.253,-1364.62,43252.4,-0.0709200
3137.11,764.305,-3.05908,-8.14877,-1343.97,16.2221,-0.0305236
3020.01,1000.35,21332.8,-8.56229,-1385.81,70571.8,-0.0558564
3156.93,766.532,-3.12066,124.367,-1354.67,-11.7995,-0.0213743
3049.72,994.307,20956.1,47.1866,-1397.93,67683.8,-0.0553052
3155.65,761.770,-5.93199,124.852,-1356.82,-5.78053,-0.0217648
3043.38,986.088,20009.8,46.1125,-1397.44,68234.1,-0.0555112
3160.51,775.989,-3.32824,124.566,-1350.84,-5.28653,-0.0208995
3076.76,954.010,15864.1,64.4240,-1380.99,52425.8,-0.0556346
3166.11,776.822,-2.82340,124.956,-1349.86,-0.649177,-0.0209857
3094.96,936.659,14341.0,68.7937,-1375.95,44793.4,-0.0536170
3160.50,750.067,-5.08473,184.593,-1335.89,2.36422,-0.0198581
3111.13,892.102,12682.4,137.186,-1356.78,30180.7,-0.0487829
3166.91,752.914,-1.15669,186.147,-1343.62,-8.28641,-0.0198728
3107.85,916.514,14919.3,129.806,-1368.87,38608.0,-0.0400643
3165.58,750.985,-4.25980,185.526,-1335.54,-1.74406,-0.0199119
3066.83,976.083,21330.6,110.028,-1370.45,63427.4,-0.0536312
3164.51,735.861,-0.769434,234.238,-1339.36,-9.58014,-0.0182126
3066.89,957.017,20320.0,159.186,-1373.51,61458.4,-0.0504666
3166.49,735.963,-2.13304,235.061,-1339.26,-4.32909,-0.0181905
3104.53,899.836,14795.2,178.652,-1364.63,38677.1,-0.0491194
3165.99,736.476,-1.75157,233.885,-1339.22,-9.98530,-0.0182906
3111.45,880.235,12476.4,185.660,-1360.55,32954.0,-0.0480059
3172.40,704.651,-5.30912,281.911,-1337.58,-8.89074,-0.0182365
3128.24,838.039,11491.3,236.885,-1359.25,26483.3,-0.0428666
3169.30,703.270,-0.887285,282.463,-1338.50,-8.86880,-0.0180750
3113.10,857.297,13820.1,231.524,-1365.98,31719.7,-0.0455488
3168.41,702.562,-4.00719,282.819,-1336.46,-11.2970,-0.0168981
3077.01,921.517,20784.4,209.890,-1383.00,55183.8,-0.0485567
3167.09,669.356,-2.52599,331.910,-1333.88,-4.09014,-0.0174522
3076.07,879.544,19139.8,260.367,-1379.17,51540.6,-0.0337361
3170.05,670.559,-0.904121,331.312,-1336.13,-9.09436,-0.0174579
3106.83,845.310,16501.3,274.008,-1371.36,37079.5,-0.0436682
3164.06,667.757,-5.88157,330.942,-1335.04,-5.31540,-0.0174703
3116.29,795.746,10714.3,286.959,-1356.58,25254.1,-0.0416106
3172.08,651.533,-1.02761,377.199,-1330.31,-9.47264,-0.0165241
3127.86,772.056,9863.48,336.019,-1350.74,22662.6,-0.0393539
3168.78,651.350,-4.98934,373.819,-1327.70,-8.91982,-0.0165787
3115.74,809.578,14153.7,321.366,-1354.54,29346.1,-0.0402477
3172.46,653.212,-5.29221,377.706,-1324.33,-4.39043,-0.0160771
3096.85,854.820,18790.4,309.370,-1366.76,43454.4,-0.0354174
4152.18,912.033,17.9949,-3.23122,-394.815,-23.1839,-0.0394025
4048.42,1134.18,19967.8,-2.98060,-441.600,61337.0,-0.0497945
4154.43,910.848,20.1833,-2.76578,-393.165,-20.2604,-0.0394039
4049.29,1133.91,20177.4,-2.66016,-440.222,62401.7,-0.0497478
4155.29,909.623,12.2996,-2.54201,-390.177,-21.5115,-0.0393982
4066.01,1108.64,18569.1,-2.71208,-432.221,53511.7,-0.0499651
4154.04,908.727,16.2443,-2.20189,-393.890,-15.8476,-0.0394285
4087.34,1085.34,17305.4,-1.93157,-429.837,43573.9,-0.0502916
4157.96,910.678,20.0711,-2.11596,-388.733,-28.2225,-0.0394135
4095.47,1070.53,14711.6,-2.06404,-425.006,38669.4,-0.0501273
4159.56,910.215,20.1889,-1.79015,-392.874,-9.63401,-0.0394563
4101.10,1062.66,14095.5,-1.62009,-424.742,34937.1,-0.0500199
4177.23,911.387,19.9924,131.512,-389.788,-17.9626,-0.0327392
4116.89,1066.81,14378.6,79.7280,-421.102,37930.0,-0.0470743
4174.91,912.082,19.6614,132.541,-394.100,171.270,-0.0327095
4111.14,1085.01,16812.6,75.0879,-427.896,43132.9,-0.0483518
4164.13,909.574,19.7849,131.032,-391.403,-17.8776,-0.0326438
4083.92,1105.65,18542.2,64.5815,-430.244,52811.6,-0.0484617
4163.00,908.616,17.1198,131.392,-393.733,-11.2621,-0.0326279
4064.88,1129.49,20272.4,56.2841,-438.778,62011.6,-0.0482848
4159.12,910.010,19.4876,193.238,-396.806,-6.68371,-0.0298099
4063.74,1127.59,20180.2,118.700,-437.355,59427.7,-0.0472614
4154.66,919.967,18.5448,192.257,-394.968,-3.20578,-0.0295601
4077.56,1114.79,18740.9,126.628,-432.990,51514.9,-0.0475156
4173.91,931.246,17.6583,192.794,-397.383,-10.9173,-0.0295310
4117.50,1090.35,14720.0,139.924,-428.177,37099.9,-0.0468834
4169.85,924.328,20.2449,192.545,-391.868,-6.83119,-0.0296352
4114.10,1063.26,11962.9,146.791,-420.337,32188.2,-0.0459187
4153.61,919.837,13.7079,191.546,-397.302,-9.31951,-0.0295260
4060.95,1134.64,19834.5,118.234,-436.604,58764.1,-0.0468497
4163.64,923.165,7.87774,240.122,-394.435,7.97699,-0.0274912
4073.12,1135.10,19603.5,167.288,-433.071,57325.7,-0.0465101
4168.79,923.089,22.6692,240.319,-394.990,-0.307883,-0.0275093
4092.21,1116.26,18382.8,175.979,-432.968,50560.0,-0.0465051
4249.48,930.177,19.8636,242.079,-7.00427,24.3092,-0.0271525
4200.52,1063.85,11542.1,195.735,-27.3193,27413.5,-0.0392749
4184.55,927.615,16.3901,240.718,-391.286,10.6764,-0.0277086
4135.73,1068.02,12538.2,193.881,-418.118,29325.8,-0.0439917
4183.86,926.978,13.7191,289.305,-393.559,11.0323,-0.0255933
4129.73,1076.33,13238.9,239.082,-422.014,33109.3,-0.0438528
4175.19,924.622,13.0458,288.282,-385.512,-1.04263,-0.0255273
4103.44,1110.46,17577.3,227.766,-422.645,44950.6,-0.0450765
4182.64,925.214,7.29420,290.490,-390.575,-4.51127,-0.0254923
4094.35,1138.61,19838.0,217.534,-430.145,56954.2,-0.0458186
4180.22,924.987,18.7414,338.609,-390.302,9.87768,-0.0235915
4082.71,1137.10,19578.3,266.475,-445.688,56105.8,-0.0450202
4176.55,925.049,19.1004,337.748,-389.802,9.22156,-0.0236198
4108.50,1099.44,16076.3,280.497,-432.896,39278.2,-0.0436037
4179.04,923.940,19.9197,338.476,-389.072,8.23536,-0.0236708
4127.59,1065.03,12311.9,290.806,-420.082,29117.4,-0.0420137
4175.69,933.603,17.8716,385.269,-388.876,17.2844,-0.0215181
4127.55,1068.40,11691.1,338.759,-418.655,27163.4,-0.0407885
4176.19,934.070,16.0983,385.464,-387.731,16.2884,-0.0214948
4105.29,1110.09,16248.8,327.154,-434.050,40323.3,-0.0431961
4177.99,934.093,10.1895,384.175,-388.084,1.05475,-0.0214892
4084.79,1142.07,19763.4,314.463,-446.873,53862.8,-0.0445211
4186.90,910.082,16.5025,-136.438,-389.672,-9.62766,-0.0468744
4075.45,1132.56,21435.0,-217.113,-458.534,66512.6,-0.0551196
4187.58,910.678,14.2073,-137.246,-381.625,-22.3073,-0.0468408
4095.83,1108.46,19550.4,-202.906,-446.346,54701.7,-0.0553849
4242.34,908.162,7.64205,-136.812,-7.91670,9.37875,-0.0439504
4178.72,1065.09,14498.2,-197.090,-32.4316,38530.2,-0.0490278
4185.83,914.621,19.7570,-193.983,-389.712,-4.16902,-0.0497052
4129.48,1058.54,13370.3,-242.800,-432.167,32651.6,-0.0569049
4177.46,912.282,18.2475,-193.270,-391.403,-4.13924,-0.0496235
4103.63,1090.82,17255.9,-253.156,-444.449,44053.3,-0.0571945
4185.07,913.810,15.1163,-193.854,-389.005,-3.94926,-0.0497156
4086.93,1131.32,22406.8,-264.620,-470.834,55228.8,-0.0579018
4181.24,889.282,15.6607,-241.794,-387.954,-8.83688,-0.0528545
4062.16,1118.11,22036.0,-319.873,-460.430,69868.5,-0.0565068
4176.17,888.155,13.1918,-242.607,-390.812,-4.92648,-0.0528664
4089.78,1072.82,18616.9,-302.296,-470.784,46476.5,-0.0585856
4175.57,887.803,15.2007,-241.987,-390.991,-10.4254,-0.0528259
4114.38,1035.60,13667.4,-291.925,-436.134,35362.8,-0.0578198
4173.25,864.006,18.8927,-289.485,-389.466,2.76432,-0.0550710
4114.38,1010.43,13397.9,-339.952,-429.126,34934.0,-0.0585792
4187.55,867.263,19.6840,-290.212,-384.922,-9.40241,-0.0550755
4063.67,1097.00,21929.2,-367.017,-469.089,71192.2,-0.0564473
4189.99,867.998,16.0985,-291.476,-384.989,-1.32775,-0.0550281
4091.65,1074.19,20498.5,-359.521,-451.588,60766.4,-0.0579418
4186.12,814.536,16.4351,-389.623,-384.421,-9.17749,-0.0593293
4069.96,1042.50,21697.8,-465.436,-452.925,69027.3,-0.0581416
4182.70,814.024,13.6070,-388.731,-387.717,70.7124,-0.0594111
4091.51,1016.64,20118.2,-450.731,-451.373,54670.9,-0.0591116
4184.46,817.561,19.5043,-389.557,-386.975,0.108144,-0.0589892
4143.65,946.690,11618.7,-432.610,-415.220,24354.3,-0.0602176
3648.24,877.936,-6.08912,-0.898656,-770.304,-3.50303,-0.0336086
3577.59,1040.62,14779.4,-1.36231,-810.885,36274.4,-0.0514926
3631.86,871.209,-2.35758,-1.13138,-769.226,1.04811,-0.0338795
3557.57,1037.10,15123.7,-1.51089,-810.554,38794.8,-0.0516815
3635.03,874.043,-2.17237,-0.973842,-766.516,3.02968,-0.0337660
3556.31,1050.21,16305.9,-1.68990,-814.289,43893.3,-0.0527510
3635.23,869.864,0.369598,-1.25669,-760.138,2.90237,-0.0340872
3534.81,1075.20,20153.6,-1.62904,-819.079,55617.7,-0.0531972
3627.21,868.091,-2.36326,-1.27280,-765.764,0.443807,-0.0349785
3498.33,1100.85,20946.4,-1.69169,-831.885,69784.3,-0.0521963
3635.10,862.567,1.14418,-139.302,-761.797,-4.45671,-0.0409197
3507.93,1091.40,21345.4,-218.180,-829.062,74678.5,-0.0580837
3631.56,836.075,-9.13598,-138.871,-764.642,65.2281,-0.0431458
3519.02,1044.20,19739.6,-213.399,-828.821,65117.7,-0.0575780
3631.52,836.253,0.998075,-139.218,-765.040,-11.7985,-0.0431409
3556.22,1006.49,16254.4,-196.729,-810.939,43269.7,-0.0569235
3631.20,837.180,1.63773,-138.923,-763.121,-9.40480,-0.0430643
3562.38,992.062,14511.2,-190.352,-807.097,39394.6,-0.0568320
3643.03,830.613,-4.13079,-196.424,-757.553,-5.55747,-0.0452171
3571.94,990.160,15417.2,-249.169,-803.286,41550.3,-0.0591311
3628.49,826.733,-3.50227,-196.433,-762.133,-2.05052,-0.0453328
3536.22,1018.96,19438.7,-260.286,-821.512,55739.8,-0.0593417
3619.69,823.526,0.734414,-196.677,-762.473,-0.218129,-0.0454697
3526.65,1015.49,19583.0,-260.669,-820.815,56232.1,-0.0591329
3617.58,823.214,-1.58881,-196.745,-762.933,-1.87025,-0.0454077
3492.43,1051.25,21661.3,-273.859,-830.735,73781.6,-0.0579404
3618.72,824.818,-1.55500,-197.026,-736.786,-2.09409,-0.0447475
3489.25,1058.24,22067.7,-275.572,-803.514,75021.7,-0.0575666
3627.30,812.549,-10.0955,-245.423,-755.280,-5.06694,-0.0456427
3498.32,1045.00,21997.8,-326.541,-823.038,75516.8,-0.0588137
3630.75,812.233,-6.53234,-244.218,-749.788,-3.28917,-0.0458217
3524.40,1007.20,19600.5,-309.666,-832.591,57261.3,-0.0603056
3619.58,809.355,0.880224,-245.611,-754.963,-7.55562,-0.0457882
3524.85,1000.59,19049.0,-309.483,-813.359,56094.6,-0.0598075
3616.16,807.965,-0.393634,-245.507,-754.149,-0.658363,-0.0461310
3550.69,964.082,15215.2,-297.498,-797.234,39225.4,-0.0597853
3614.32,793.145,-1.63358,-295.429,-755.379,-6.27490,-0.0464473
3542.28,953.947,15430.8,-347.270,-801.193,42077.5,-0.0615433
3621.58,781.143,-1.29138,-294.432,-749.269,2.68381,-0.0490093
3526.86,974.720,19644.0,-357.164,-809.436,56045.2,-0.0604057
3610.58,764.247,-1.29141,-294.718,-752.901,-4.23147,-0.0515434
3488.65,994.503,21979.2,-370.592,-818.216,71912.5,-0.0577583
3607.64,748.887,-9.71957,-343.614,-754.176,-4.16830,-0.0520553
3484.23,977.308,21707.9,-419.517,-818.449,71835.4,-0.0586825
3611.77,750.704,-8.64233,-342.860,-753.371,1.54796,-0.0519902
3512.05,941.786,18612.2,-404.972,-829.353,53866.7,-0.0608955
3612.09,751.101,-2.19499,-342.295,-753.321,2.61306,-0.0520353
3547.47,906.937,14809.8,-394.564,-796.009,38775.6,-0.0612299
3615.73,736.494,0.622047,-390.097,-750.177,3.00507,-0.0524439
3545.84,892.690,14657.9,-444.015,-791.979,38905.1,-0.0629898
3616.26,719.895,-1.99301,-391.562,-745.427,-1.88261,-0.0554696
3529.86,907.409,17800.6,-453.404,-796.125,50249.2,-0.0607427
3594.70,716.104,-0.135439,-391.277,-741.862,6.74289,-0.0549972
3468.47,947.078,21322.2,-469.739,-804.659,72349.6,-0.0582251
3648.29,836.819,-5.61202,-159.864,-773.024,-11.7901,-0.0442868
3515.56,1064.03,21122.8,-238.527,-837.395,73006.7,-0.0577176
3674.01,872.060,0.678213,129.202,-788.692,1.54271,-0.0276940
3548.87,1098.86,20941.7,51.7157,-850.710,68207.1,-0.0521431
3680.55,868.835,-4.57400,131.129,-774.213,0.130600,-0.0272538
3571.97,1071.42,19085.8,60.8992,-830.798,59134.9,-0.0515835
3676.51,866.349,2.13726,130.867,-774.111,-6.08189,-0.0272743
3588.08,1042.07,17319.9,70.7915,-825.690,47261.7,-0.0512252
3672.00,864.011,-7.14404,130.056,-777.970,-2.69454,-0.0273965
3599.30,1015.00,13886.1,78.3084,-817.084,37205.9,-0.0497156
3674.92,882.917,2.50749,190.735,-777.715,-8.45182,-0.0229887
3602.68,1035.66,14243.6,139.891,-817.366,35953.4,-0.0485651
3669.59,880.070,3.62435,189.317,-773.051,1.24694,-0.0235030
3576.37,1068.06,18821.0,127.255,-828.315,50060.9,-0.0504662
3672.87,880.457,6.16623,189.711,-775.126,-7.38159,-0.0231050
3549.27,1103.56,20500.6,113.623,-834.899,66267.9,-0.0507523
3674.26,894.000,-9.16403,237.698,-775.676,-18.7195,-0.0197768
3552.42,1117.33,20830.7,161.316,-835.946,65904.6,-0.0502299
3677.42,894.392,5.48737,238.278,-774.146,-11.4017,-0.0198598
3597.60,1068.43,16669.9,181.056,-820.439,41119.3,-0.0481368
3675.65,892.953,2.90043,238.275,-771.270,-19.3350,-0.0198209
3581.63,1087.87,18608.7,172.984,-824.768,50466.2,-0.0493993
3670.64,903.190,-1.07812,285.858,-770.470,-23.0246,-0.0166623
3613.34,1041.46,12602.7,239.821,-802.137,29257.8,-0.0448561
3670.25,902.731,2.49080,285.799,-769.669,-22.6032,-0.0174227
3580.08,1092.79,18295.7,224.156,-821.669,46331.4,-0.0483041
3677.40,904.179,1.97456,286.515,-776.320,-20.2675,-0.0167300
3556.31,1126.47,20678.4,211.195,-837.073,64078.3,-0.0485881
3673.87,914.229,-4.31603,336.165,-770.948,-25.6226,NaN
3561.21,1135.30,21382.7,262.232,-830.015,59494.4,-0.0490814
3670.02,867.026,-7.98008,-0.00716060,-774.120,-10.7966,-0.0349160
3602.42,1018.41,14034.2,-25.7961,-814.767,34762.9,-0.0524084
3671.34,913.899,2.53007,334.731,-764.186,-25.0374,-0.0150758
3588.19,1100.70,18076.5,274.475,-813.318,42762.8,-0.0469224
3683.16,898.428,4.89237,336.411,-767.509,-21.0353,-0.0151281
3637.35,1014.82,10022.2,296.755,-789.608,21092.2,-0.0407364
3675.76,868.113,1.43023,335.687,-768.846,-19.2411,-0.0166207
3631.91,988.605,10605.3,295.532,-791.885,20645.5,-0.0402070
3673.80,838.342,7.32221,384.840,-770.166,-23.0483,-0.0161299
3606.35,1014.75,16781.9,326.323,-810.787,33954.9,NaN
3667.76,839.955,-0.0512080,385.346,-765.984,-15.0494,-0.0158557
3569.85,1056.85,21469.5,313.568,-822.639,52119.5,-0.0453135
3668.79,840.369,-4.50112,386.388,-767.527,-27.7413,-0.0156913
3584.81,1038.85,19438.3,321.094,-816.006,43757.6,-0.0444841
4311.74,947.559,27.8598,-3.43530,0.228108,9.86748,-0.0379813
4220.36,1161.07,19520.3,-3.54450,0.590398,56603.5,-0.0446906
4317.41,947.746,25.4805,-3.52481,0.268363,9.75452,-0.0380284
4241.43,1141.31,18127.6,-3.65728,0.724580,50146.4,-0.0452091
4319.74,949.577,21.7769,-3.51228,0.205745,9.01141,-0.0380713
4240.87,1143.04,18214.6,-3.45320,0.134181,50578.4,-0.0452586
4311.35,949.666,23.7468,-4.13704,0.930324,12.5171,-0.0379790
4260.18,1093.37,13067.3,-4.23550,0.0134181,32042.7,-0.0449229
4329.90,950.468,24.6387,131.764,0.514362,13.7286,-0.0319937
4283.97,1092.02,13019.4,82.9037,0.778252,30562.6,-0.0428180
4327.14,945.608,18.6571,131.189,0.210218,14.8935,-0.0320274
4262.87,1125.58,17768.4,70.1542,0.791670,44149.7,-0.0437273
4331.45,948.312,14.5328,131.888,0.554617,11.5792,-0.0320253
4248.29,1161.07,20025.5,59.3614,0.201272,57005.1,-0.0435573
4328.14,951.382,23.2753,191.088,0.576980,18.6237,-0.0295553
4246.86,1162.03,19953.1,116.702,0.00447271,56270.7,-0.0425623
4323.90,950.401,15.7953,191.867,0.353344,14.4688,-0.0295188
4258.18,1127.02,17148.6,131.161,0.304145,44675.2,-0.0425292
4326.98,950.254,2.54134,192.601,0.245999,19.6612,-0.0295332
4282.44,1088.64,12783.6,143.950,0.500944,29123.4,-0.0412516
4323.59,958.995,21.2158,241.157,0.894543,23.4656,-0.0274906
4279.62,1089.25,11707.5,195.370,0.393599,27532.2,-0.0400853
4322.76,959.770,24.5322,240.922,0.277308,23.4599,-0.0275029
4263.12,1131.35,16704.1,181.178,0.380181,39799.1,-0.0415379
4325.09,958.153,20.4022,240.954,0.827452,22.8440,-0.0275387
4243.74,1164.39,19545.4,169.944,0.0894543,54109.8,-0.0418842
4328.99,969.744,21.2944,289.290,0.997415,28.6642,-0.0256318
4246.92,1177.73,19750.3,216.619,0.809561,54842.0,-0.0413783
4323.29,968.693,15.0714,289.333,0.782725,19.7560,-0.0255906
4260.11,1144.65,17155.8,228.355,0.854288,43484.5,-0.0411569
4333.18,969.094,10.3691,290.121,1.01978,24.0375,-0.0256790
4289.71,1101.65,11951.9,244.241,0.407017,28411.6,-0.0394744
4328.37,971.450,24.4818,337.737,0.465162,22.0063,-0.0237702
4291.01,1093.12,10706.5,295.226,0.143127,25125.4,-0.0380645
4324.13,969.646,23.5615,337.904,0.550144,22.8329,-0.0237785
4270.71,1134.20,15692.1,281.730,0.742471,36076.7,-0.0395338
4330.17,970.221,22.8544,338.117,0.509889,20.5241,-0.0238021
4250.18,1178.88,19916.0,266.040,0.335454,53709.3,-0.0405576
4322.90,987.291,9.34221,389.734,0.661962,26.7173,-0.0214923
4241.53,1194.56,19709.3,312.933,0.330981,54463.6,-0.0402294
4324.15,987.389,14.6788,386.657,0.746943,25.3050,-0.0216184
4268.07,1157.36,16544.9,327.297,0.907961,39041.9,-0.0394026
4325.71,987.683,22.2372,387.661,1.31498,19.6432,-0.0215861
4284.86,1109.06,10509.0,343.441,0.541198,25315.5,-0.0373270
4343.45,953.328,25.3683,-138.873,0.259417,13.3552,-0.0443488
4296.18,1094.42,13404.3,-187.449,1.42232,32640.7,-0.0499638
4340.31,937.817,24.0946,-138.769,0.438326,12.1593,-0.0446274
4282.78,1114.11,17728.8,-198.820,0.635125,41412.2,-0.0500109
4338.64,936.725,24.3638,-137.983,0.970579,8.57080,-0.0445873
4242.41,1155.83,20860.4,-215.642,0.0402544,65483.7,-0.0479675
4336.71,931.758,21.6930,-195.535,0.398072,8.25271,-0.0472586
4238.24,1152.65,21059.2,-273.755,0.500944,67206.3,-0.0489943
4329.46,929.402,12.4173,-195.939,0.925852,9.44703,-0.0472331
4271.60,1098.96,16306.9,-253.834,0.608289,40133.1,-0.0507005
4321.86,928.190,22.9553,-195.243,0.979524,10.8526,-0.0471448
4265.15,1099.51,17049.8,-258.654,0.957161,39145.7,-0.0510117
4327.00,896.940,22.6018,-245.100,0.746943,14.8905,-0.0500423
4282.03,1037.71,13366.7,-292.282,0.760361,30202.2,-0.0513150
4329.69,897.439,23.1013,-244.232,0.648544,17.8471,-0.0500372
4265.26,1074.31,17198.0,-305.183,0.760361,44176.6,-0.0512206
4327.05,896.116,17.2094,-245.301,0.675380,14.2998,-0.0500374
4236.04,1118.66,22213.1,-320.188,0.670907,62949.5,-0.0496820
4323.93,872.853,20.5593,-292.398,0.872179,13.4484,-0.0519855
4223.94,1094.40,20997.5,-368.956,0.527780,67071.6,-0.0504229
4321.99,873.851,14.8695,-292.674,0.755889,13.8169,-0.0518820
4251.75,1059.79,18992.0,-354.475,0.483053,49320.6,-0.0516545
4324.23,839.977,23.7580,-342.961,0.983997,19.3291,-0.0545144
4261.10,1026.76,19639.5,-403.869,0.491999,47120.2,-0.0522094
4344.00,837.803,17.3048,-342.490,0.594871,922.605,-0.0553896
4246.88,1061.32,21074.5,-418.228,0.858761,67490.2,-0.0498142
4330.69,814.011,17.4899,-341.144,0.943743,13.0710,-0.0541504
4237.99,1031.03,20034.9,-418.835,0.849816,62995.2,-0.0490102
4348.42,817.196,16.9007,-340.315,1.14501,10.4666,-0.0542572
4271.74,1015.61,19711.4,-408.572,0.0178909,53338.8,-0.0498578
4344.11,816.385,13.0514,-341.418,0.711162,9.33479,-0.0543276
4292.90,978.854,16179.4,-394.689,0.0849816,35351.4,-0.0516515
4795.13,953.199,44.8509,-5.15027,454.969,12.2313,-0.0374401
4698.76,1159.22,19220.4,-5.82873,424.501,47485.0,-0.0403774
4796.38,952.843,41.5177,-5.74639,500.108,0.0674508,-0.0370141
4712.24,1138.81,17440.4,-6.41948,471.138,41356.5,-0.0404518
4799.48,954.491,40.4908,-5.46533,472.775,-3.85786,-0.0373274
4726.78,1120.52,16195.4,-5.91824,446.292,35067.3,-0.0411674
4796.63,951.876,36.1871,-3.87926,446.122,-0.627781,-0.0374971
4724.96,1116.93,15893.6,-4.46822,418.928,35076.3,-0.0414528
4816.63,956.509,31.8606,-4.48075,440.348,1.86643,-0.0377332
4761.48,1078.74,10527.6,-5.27379,420.538,22147.4,-0.0408091
4806.52,956.326,38.5045,-5.42416,470.400,3.69782,-0.0373946
4742.98,1112.83,14595.4,-5.75355,446.252,31579.2,-0.0411653
4918.46,970.274,40.0700,-140.163,473.307,-0.136040,-0.0437444
4862.81,1097.53,11698.8,-183.215,454.486,25804.1,-0.0457446
4819.96,953.965,38.0499,-139.553,469.465,-1.84307,-0.0429308
4742.09,1131.40,17808.1,-201.233,445.214,42668.1,-0.0454153
4817.27,952.713,30.3400,-138.083,469.299,-1.84557,-0.0428868
4709.97,1161.47,19465.9,-217.648,434.372,57889.1,-0.0611347
4809.55,954.518,31.0695,-198.705,468.977,-2.54837,-0.0457595
4700.01,1164.70,19228.0,-268.571,436.506,59638.3,-0.0459136
4811.73,954.861,43.2068,-197.482,470.418,1.32719,-0.0456353
4725.27,1140.92,18446.7,-259.833,442.817,48659.4,-0.0460714
4824.54,958.228,36.4508,-196.969,467.806,-2.45122,-0.0457044
4767.70,1088.99,11789.0,-241.815,447.786,27590.1,-0.0466513
4809.21,944.419,36.9558,-245.358,471.590,2.74039,-0.0475641
4752.45,1070.06,11344.4,-289.493,451.941,26191.3,-0.0474838
4809.48,945.132,36.6191,-246.586,470.198,2.53659,-0.0476497
4742.43,1096.15,14057.9,-297.833,447.660,34410.3,NaN
4792.48,945.577,38.3530,-244.171,0.836398,9.44291,-0.0535746
4694.22,1169.00,21376.8,-321.570,0.178909,65185.2,-0.0523978
4767.54,930.827,31.8044,-293.058,0.729052,16.9743,-0.0559766
4666.00,1154.89,21315.0,-369.244,1.15843,66325.6,-0.0541414
4815.56,936.231,40.3730,-296.157,466.343,1.83747,-0.0501021
4720.10,1121.06,18540.3,-356.706,436.501,51541.5,-0.0490907
4810.66,935.469,37.8535,-295.964,464.272,4.67640,-0.0500848
4757.51,1058.88,11075.6,-337.834,444.771,26735.6,-0.0486681
4801.68,912.068,38.7850,-344.196,464.362,4.63701,-0.0518251
4750.65,1034.13,10865.8,-384.927,449.347,24641.7,-0.0494038
4792.92,911.048,38.8076,-343.244,467.506,2.61592,-0.0516163
4727.94,1084.39,17258.8,-401.500,464.397,41383.2,-0.0486826
4805.24,912.402,40.4235,-344.203,462.322,3.92741,-0.0517451
4701.72,1123.27,19435.9,-416.917,448.823,61093.5,-0.0473924
4806.02,878.065,30.6429,-392.351,461.888,-0.836148,-0.0530679
4705.16,1089.21,19528.6,-464.000,446.126,59485.9,-0.0473902
4793.62,876.987,38.6616,-391.332,465.686,6.63043,-0.0528055
4713.47,1056.29,17665.7,-451.974,461.598,47544.2,-0.0456705
4792.28,877.330,38.6392,-392.410,462.810,0.0256296,-0.0530907
4743.98,992.396,10102.1,-432.280,447.146,23007.1,-0.0495243
4798.70,952.223,34.5933,131.168,465.328,3.51574,-0.0327738
4710.60,1151.33,18208.6,62.5819,449.790,49503.6,-0.0383749
4805.58,963.476,37.5224,132.045,465.279,2.43351,-0.0328863
4732.52,1150.49,18706.9,68.1940,462.675,44813.1,-0.0392399
4830.39,980.168,40.1430,-2.57603,472.913,0.0589753,-0.0378672
4763.55,1146.99,16076.6,-27.4985,468.168,39905.0,-0.0421808
4811.07,965.962,36.8602,133.289,468.490,-2.39552,-0.0329351
4748.28,1125.11,15257.5,78.3370,459.831,36694.8,-0.0396117
4814.88,965.668,30.3118,133.101,467.184,-2.39731,-0.0329929
4761.75,1089.83,10617.3,90.6085,449.825,26133.8,-0.0388107
4812.94,987.665,40.6088,191.202,467.926,1.56493,-0.0311753
4757.97,1104.23,9821.03,151.416,449.593,24725.0,-0.0378911
4802.01,984.182,36.9895,192.155,467.260,3.00814,-0.0311605
4744.32,1122.73,12165.1,145.294,451.565,28899.0,-0.0382853
4805.97,984.868,30.7832,192.217,465.699,5.44524,-0.0311942
4716.57,1186.12,18630.9,121.542,452.482,50818.2,-0.0382765
4795.56,1001.02,39.4639,241.567,463.874,4.38179,-0.0297013
4706.84,1198.28,18119.3,172.750,447.728,50763.3,-0.0378290
4795.31,1003.38,38.1174,242.850,462.997,9.84795,-0.0296272
4735.66,1154.69,13960.5,188.125,450.845,31909.2,-0.0380548
4787.08,999.622,30.8056,241.516,463.834,9.12821,-0.0295699
4735.53,1115.06,9646.84,200.889,446.592,24488.9,-0.0371104
4797.56,1018.21,23.4380,289.809,462.362,6.53907,-0.0282644
4746.69,1137.14,10256.7,247.752,445.666,24149.2,-0.0366201
4793.01,1018.36,37.4159,289.990,463.503,7.10779,-0.0281631
4731.79,1175.42,14667.3,236.792,451.816,32790.4,-0.0375837
4802.14,1017.80,36.0861,290.321,463.261,1.32935,-0.0282900
4714.84,1219.41,18914.4,221.452,449.588,50035.8,-0.0381272
4795.56,1033.76,38.9812,338.296,461.052,1.87479,-0.0267438
4705.71,1234.37,18923.5,269.684,447.115,50686.6,-0.0376747
4787.49,1031.58,38.2240,338.500,464.894,8.55243,-0.0267410
4722.79,1203.61,16945.7,279.953,457.469,39054.3,-0.0374327
4800.18,1034.48,32.4834,338.543,464.961,9.08688,-0.0267417
4744.03,1161.86,11372.3,294.408,448.694,26601.7,-0.0364468
4797.49,1049.33,31.8269,393.855,464.312,5.00339,-0.0250148
4744.05,1183.62,12429.4,346.403,451.203,27452.3,-0.0360717
4801.32,1049.80,38.4485,394.487,462.528,8.40705,-0.0249722
4740.01,1220.42,17039.3,333.170,460.001,37000.6,-0.0370679
4805.04,1050.99,32.8033,392.664,461.951,12.4884,-0.0250634
4720.68,1250.26,18758.0,320.783,451.753,49676.0,-0.0373819
2172.41,530.319,-39.1514,-2.51516,-1819.83,-3.89403,-0.0233062
2064.15,758.709,19825.2,-2.29676,-1866.03,62173.7,-0.0547732
2223.15,529.700,-38.3825,-2.28244,-1804.86,7.65571,-0.0253127
2122.97,739.095,18404.2,-2.27170,-1842.52,57558.4,-0.0522668
2222.90,528.693,-38.0290,-1.91367,-1810.11,17.7706,-0.0253678
2143.22,710.340,16385.4,-2.02824,-1841.17,46743.8,-0.0515885
2224.65,528.635,-40.4698,-2.09090,-1808.42,11.3170,-0.0254909
2155.83,695.238,15057.9,-2.01034,-1834.51,40883.3,-0.0510326
2224.06,528.341,-40.8739,-1.96380,-1790.86,13.1236,-0.0254479
2167.58,677.660,13466.9,-2.18756,-1814.76,34520.3,-0.0502019
2229.59,528.181,-38.6967,-2.13386,-1783.24,9.09313,-0.0254572
2178.10,656.936,11184.9,-1.97275,-1803.20,29239.9,-0.0494426
2224.03,526.617,-41.7154,-1.98886,-1783.69,9.86141,-0.0255247
2176.21,643.554,9602.53,-2.08732,-1802.66,26512.5,-0.0488157
2234.76,462.269,-38.1076,132.727,-1783.20,14.0663,-0.0201464
2148.85,653.266,15844.3,68.0884,-1813.80,45708.5,-0.0222603
2233.12,463.788,-39.4487,133.085,-1781.99,12.6355,-0.0201812
2147.24,650.464,14871.3,69.4919,-1813.04,46445.0,-0.0226504
2242.87,482.907,-37.6081,134.175,-1765.03,8.83914,-0.0197646
2187.44,652.446,16227.5,77.4330,-1787.63,35889.2,-0.0418372
2242.44,482.841,-35.9302,134.163,-1763.19,5.02439,-0.0197718
2199.63,623.535,12933.6,86.7597,-1781.72,26131.3,-0.0400231
2237.61,500.085,-36.2164,-140.445,-1777.08,81.2634,-0.0431066
2163.69,681.963,17321.1,-201.630,-1806.52,48295.2,-0.0575824
2245.72,498.927,-36.0763,-140.846,-1772.98,106.991,-0.0433987
2156.99,693.808,18390.2,-204.521,-1805.71,56310.1,-0.0507886
2248.75,500.530,-33.8034,-140.221,-1772.18,112.953,-0.0431975
2186.38,667.949,16407.1,-195.529,-1795.43,43648.3,-0.0583610
2247.89,500.459,-36.5083,-140.937,-1777.91,86.6212,-0.0433071
2205.30,623.994,11257.6,-181.863,-1795.17,28887.8,-0.0566018
2253.15,488.485,-40.7562,-199.767,-1752.65,86.2554,-0.0429785
2209.23,610.607,11181.6,-240.342,-1769.60,28083.8,-0.0584821
2244.88,486.369,-37.5127,-199.512,-1768.17,82.5231,-0.0500597
2186.19,649.515,15952.3,-251.758,-1790.11,40665.9,-0.0591095
2248.14,487.643,-38.2310,-199.831,-1773.41,80.3428,-0.0500796
2132.09,716.893,20017.3,-277.063,-1815.44,69265.8,NaN
2239.96,465.877,-38.2421,-247.111,-1706.38,89.2293,-0.0556983
2127.64,687.242,19086.4,-324.812,-1747.74,66688.3,NaN
2241.87,465.752,-39.0334,-248.507,-1742.48,96.3055,-0.0563305
2181.38,632.079,16227.8,-301.930,-1766.32,42744.1,-0.0560466
2242.23,465.485,-40.5876,-247.863,-1732.47,81.3642,-0.0556844
2194.44,603.136,12894.9,-293.409,-1752.11,31051.6,-0.0603005
2241.74,465.734,-42.4394,-296.882,-1734.47,96.6398,-0.0569636
2196.38,596.281,12098.7,-338.403,-1752.87,31551.8,-0.0636502
2240.05,465.930,-38.3320,-296.952,-1734.80,93.4387,-0.0566372
2181.38,629.878,16156.4,-348.772,-1757.41,42124.4,-0.0635196
2242.37,465.347,-39.2857,-296.564,-1751.31,109.138,-0.0582336
2170.59,637.144,16402.6,-351.786,-1777.98,48436.5,-0.0579195
2244.03,447.310,-38.0289,-345.222,-1744.57,110.217,-0.0179240
2124.95,669.071,18419.4,-421.101,-1785.97,68685.7,NaN
2255.63,450.268,-36.3119,-345.812,-1752.63,88.5524,-0.0596116
2195.85,615.997,16375.5,-398.028,-1775.73,43090.4,-0.0637686
2245.88,448.486,-35.0717,-345.358,-1746.40,92.3128,-0.0593400
2201.93,576.640,11945.4,-388.420,-1763.96,30131.7,-0.0658229
2242.69,426.230,-36.9010,-394.084,-1738.41,94.0737,-0.0633835
2199.59,555.520,12079.8,-436.007,-1756.12,29133.8,-0.0589385
2253.26,429.410,-41.4126,-393.271,-1768.90,93.3845,-0.0632492
2196.08,592.458,15900.3,-446.190,-1790.68,40603.1,-0.0543120
2240.10,425.708,-37.1928,-394.283,-1736.32,107.306,-0.0628449
2148.03,617.280,16744.6,-458.809,-1770.42,55764.8,NaN
3643.07,848.312,10.2904,134.832,-749.537,9.72721,-0.0276129
3533.22,1071.04,20387.4,57.6823,-792.377,64959.7,-0.0501452
3647.72,850.165,15.8181,192.656,-743.826,18.3301,-0.0243249
3555.86,1053.36,19362.1,124.287,-781.915,57271.3,-0.0485474
3633.36,850.321,13.7466,243.389,-748.160,16.8122,-0.0213141
3558.27,1036.95,18211.0,179.167,-782.179,48758.7,-0.0472844
3639.06,874.698,13.6850,288.882,-744.805,4.99079,-0.0179918
3575.41,1034.03,14987.5,235.571,-773.775,36932.6,-0.0453784
3635.05,874.689,15.9631,338.514,-744.139,-2.82345,-0.0156705
3586.84,1010.37,12692.9,292.396,-766.905,26932.7,-0.0419618
3631.49,871.633,16.8286,348.192,-743.177,-3.69685,-0.0154276
3589.83,1000.13,11766.6,305.072,-768.962,23306.4,-0.0405033
3626.21,869.904,18.5092,356.389,-754.489,-18.9821,NaN
3586.75,993.096,11133.5,315.818,-777.259,20787.9,-0.0554990
3622.57,842.579,16.7002,355.166,-743.589,-9.00995,-0.0163261
3577.80,974.252,11965.2,312.725,-769.352,23864.1,-0.0401186
3619.21,841.412,18.8664,356.888,-751.367,-11.6088,-0.0161936
3574.25,975.286,12323.0,313.529,-777.304,23864.5,-0.0402546
3637.56,846.940,15.5444,0.588960,-742.766,-1.54902,-0.0355251
3570.01,1004.05,14678.5,-22.6329,-784.380,38322.8,-0.0516989
3630.20,845.684,15.2262,366.206,-745.454,-9.55986,-0.0160216
3584.07,977.571,12078.0,323.054,-771.896,23270.9,-0.0398854
3622.56,844.530,16.4265,376.082,-738.145,-16.9861,-0.0156036
3581.69,972.047,11777.1,332.816,-763.009,21421.4,-0.0388118
3622.11,844.632,17.9004,392.392,-745.861,-11.2349,-0.0147912
3587.26,947.978,8954.97,355.825,-763.483,16019.6,-0.0359476
3632.22,870.269,18.7437,328.699,-728.704,-7.82939,-0.0161779
3591.83,996.063,11576.8,286.816,-752.861,21674.2,-0.0401496
3955.47,890.663,31.3902,136.744,-550.345,6.02263,-0.0308251
3892.40,1052.14,15097.3,83.1561,-593.243,36966.6,-0.0482529
3947.91,891.006,26.4991,243.427,-546.512,19.3631,-0.0255749
3887.02,1051.48,15163.1,190.434,-588.314,35705.9,-0.0455626
3946.71,902.883,26.1027,340.626,-547.366,16.9495,-0.0206504
3896.82,1038.62,12379.7,295.200,-577.982,28687.7,-0.0424877
3948.91,916.554,22.9257,387.503,-551.101,12.7781,-0.0179676
3906.70,1044.41,11750.9,343.258,-580.008,24923.1,-0.0407039
3955.04,919.891,24.7906,387.040,-556.839,11.0744,-0.0179529
3909.14,1048.48,11898.4,343.202,-585.899,25407.7,-0.0410017
3949.92,915.053,25.1478,387.747,-553.409,20.5554,-0.0181859
3917.04,1020.90,9523.65,350.948,-573.348,17212.0,-0.0377231
3941.99,922.760,23.0038,389.134,-555.909,16.2185,-0.0175454
3905.77,1032.59,9816.75,353.628,-577.235,18422.4,-0.0382783
3248.03,740.418,4.95266,288.886,-1100.26,-15.3995,-0.0171805
3202.67,879.010,12903.9,244.279,-1127.29,26653.9,-0.0331160
3271.79,746.530,1.99340,339.037,-1079.76,-19.1616,-0.0153639
3231.70,877.900,12458.0,295.475,-1104.18,21946.3,-0.0401324
